,trade_date,trade_month,price_usd
0,01-Jan-16,1,434.33
1,02-Jan-16,1,433.44
2,03-Jan-16,1,430.01
3,04-Jan-16,1,433.09
4,05-Jan-16,1,431.96
5,06-Jan-16,1,429.11
6,07-Jan-16,1,458.05
7,08-Jan-16,1,453.23
8,09-Jan-16,1,447.61
9,10-Jan-16,1,447.99
10,11-Jan-16,1,448.43
11,12-Jan-16,1,435.69
12,13-Jan-16,1,432.37
13,14-Jan-16,1,430.31
14,15-Jan-16,1,364.33
15,16-Jan-16,1,387.54
16,17-Jan-16,1,382.3
17,18-Jan-16,1,387.17
18,19-Jan-16,1,380.15
19,20-Jan-16,1,420.23
20,21-Jan-16,1,410.26
21,22-Jan-16,1,382.49
22,23-Jan-16,1,387.49
23,24-Jan-16,1,402.97
24,25-Jan-16,1,391.73
25,26-Jan-16,1,392.15
26,27-Jan-16,1,394.97
27,28-Jan-16,1,380.29
28,29-Jan-16,1,379.47
29,30-Jan-16,1,378.26
30,31-Jan-16,1,368.77
31,01-Feb-16,2,373.06
32,02-Feb-16,2,374.45
33,03-Feb-16,2,369.95
34,04-Feb-16,2,389.59
35,05-Feb-16,2,386.55
36,06-Feb-16,2,376.52
37,07-Feb-16,2,376.62
38,08-Feb-16,2,373.45
39,09-Feb-16,2,376.03
40,10-Feb-16,2,381.65
41,11-Feb-16,2,379.65
42,12-Feb-16,2,384.26
43,13-Feb-16,2,391.86
44,14-Feb-16,2,407.23
45,15-Feb-16,2,400.18
46,16-Feb-16,2,407.49
47,17-Feb-16,2,416.32
48,18-Feb-16,2,422.37
49,19-Feb-16,2,420.79
50,20-Feb-16,2,437.16
51,21-Feb-16,2,438.8
52,22-Feb-16,2,437.75
53,23-Feb-16,2,420.74
54,24-Feb-16,2,424.95
55,25-Feb-16,2,424.54
56,26-Feb-16,2,432.15
57,27-Feb-16,2,432.52
58,28-Feb-16,2,433.5
59,29-Feb-16,2,437.7
60,01-Mar-16,3,435.12
61,02-Mar-16,3,423.99
62,03-Mar-16,3,421.65
63,04-Mar-16,3,410.94
64,05-Mar-16,3,400.57
65,06-Mar-16,3,407.71
66,07-Mar-16,3,414.32
67,08-Mar-16,3,413.97
68,09-Mar-16,3,414.86
69,10-Mar-16,3,417.13
70,11-Mar-16,3,421.69
71,12-Mar-16,3,411.62
72,13-Mar-16,3,414.07
73,14-Mar-16,3,416.44
74,15-Mar-16,3,416.83
75,16-Mar-16,3,417.01
76,17-Mar-16,3,420.62
77,18-Mar-16,3,409.55
78,19-Mar-16,3,410.44
79,20-Mar-16,3,413.76
80,21-Mar-16,3,413.31
81,22-Mar-16,3,418.09
82,23-Mar-16,3,418.04
83,24-Mar-16,3,416.39
84,25-Mar-16,3,417.18
85,26-Mar-16,3,417.95
86,27-Mar-16,3,426.77
87,28-Mar-16,3,424.23
88,29-Mar-16,3,416.52
89,30-Mar-16,3,414.82
90,31-Mar-16,3,416.73
91,01-Apr-16,4,417.96
92,02-Apr-16,4,420.87
93,03-Apr-16,4,420.9
94,04-Apr-16,4,421.44
95,05-Apr-16,4,424.03
96,06-Apr-16,4,423.41
97,07-Apr-16,4,422.74
98,08-Apr-16,4,420.35
99,09-Apr-16,4,419.41
100,10-Apr-16,4,421.56
101,11-Apr-16,4,422.48
102,12-Apr-16,4,425.19
103,13-Apr-16,4,423.73
104,14-Apr-16,4,424.28
105,15-Apr-16,4,429.71
106,16-Apr-16,4,430.57
107,17-Apr-16,4,427.4
108,18-Apr-16,4,428.59
109,19-Apr-16,4,435.51
110,20-Apr-16,4,441.39
111,21-Apr-16,4,449.42
112,22-Apr-16,4,445.74
113,23-Apr-16,4,450.28
114,24-Apr-16,4,458.55
115,25-Apr-16,4,461.43
116,26-Apr-16,4,466.09
117,27-Apr-16,4,444.69
118,28-Apr-16,4,449.01
119,29-Apr-16,4,455.1
120,30-Apr-16,4,448.32
121,01-May-16,5,451.88
122,02-May-16,5,444.67
123,03-May-16,5,450.3
124,04-May-16,5,446.72
125,05-May-16,5,447.98
126,06-May-16,5,459.6
127,07-May-16,5,458.54
128,08-May-16,5,458.55
129,09-May-16,5,460.48
130,10-May-16,5,450.89
131,11-May-16,5,452.73
132,12-May-16,5,454.77
133,13-May-16,5,455.67
134,14-May-16,5,455.67
135,15-May-16,5,457.57
136,16-May-16,5,454.16
137,17-May-16,5,453.78
138,18-May-16,5,454.62
139,19-May-16,5,438.71
140,20-May-16,5,442.68
141,21-May-16,5,443.19
142,22-May-16,5,439.32
143,23-May-16,5,444.15
144,24-May-16,5,445.98
145,25-May-16,5,449.6
146,26-May-16,5,453.38
147,27-May-16,5,473.46
148,28-May-16,5,530.04
149,29-May-16,5,526.23
150,30-May-16,5,533.86
151,31-May-16,5,531.39
152,01-Jun-16,6,536.92
153,02-Jun-16,6,537.97
154,03-Jun-16,6,569.19
155,04-Jun-16,6,572.73
156,05-Jun-16,6,574.98
157,06-Jun-16,6,585.54
158,07-Jun-16,6,576.6
159,08-Jun-16,6,581.65
160,09-Jun-16,6,574.63
161,10-Jun-16,6,577.47
162,11-Jun-16,6,606.73
163,12-Jun-16,6,672.78
164,13-Jun-16,6,704.38
165,14-Jun-16,6,685.56
166,15-Jun-16,6,694.47
167,16-Jun-16,6,766.31
168,17-Jun-16,6,748.91
169,18-Jun-16,6,756.23
170,19-Jun-16,6,763.78
171,20-Jun-16,6,737.23
172,21-Jun-16,6,666.65
173,22-Jun-16,6,596.12
174,23-Jun-16,6,623.98
175,24-Jun-16,6,665.3
176,25-Jun-16,6,665.12
177,26-Jun-16,6,629.37
178,27-Jun-16,6,655.28
179,28-Jun-16,6,647
180,29-Jun-16,6,639.89
181,30-Jun-16,6,673.34
182,01-Jul-16,7,676.3
183,02-Jul-16,7,703.7
184,03-Jul-16,7,658.66
185,04-Jul-16,7,683.66
186,05-Jul-16,7,670.63
187,06-Jul-16,7,677.33
188,07-Jul-16,7,640.56
189,08-Jul-16,7,666.52
190,09-Jul-16,7,650.96
191,10-Jul-16,7,649.36
192,11-Jul-16,7,647.66
193,12-Jul-16,7,664.55
194,13-Jul-16,7,654.47
195,14-Jul-16,7,658.08
196,15-Jul-16,7,663.26
197,16-Jul-16,7,660.77
198,17-Jul-16,7,679.46
199,18-Jul-16,7,673.11
200,19-Jul-16,7,672.86
201,20-Jul-16,7,665.68
202,21-Jul-16,7,665.01
203,22-Jul-16,7,650.62
204,23-Jul-16,7,655.56
205,24-Jul-16,7,661.28
206,25-Jul-16,7,654.1
207,26-Jul-16,7,651.78
208,27-Jul-16,7,654.35
209,28-Jul-16,7,655.03
210,29-Jul-16,7,656.99
211,30-Jul-16,7,655.05
212,31-Jul-16,7,624.68
213,01-Aug-16,8,606.27
214,02-Aug-16,8,547.47
215,03-Aug-16,8,566.35
216,04-Aug-16,8,578.29
217,05-Aug-16,8,575.04
218,06-Aug-16,8,587.78
219,07-Aug-16,8,592.69
220,08-Aug-16,8,591.05
221,09-Aug-16,8,587.8
222,10-Aug-16,8,592.1
223,11-Aug-16,8,589.12
224,12-Aug-16,8,587.56
225,13-Aug-16,8,585.59
226,14-Aug-16,8,570.47
227,15-Aug-16,8,567.24
228,16-Aug-16,8,577.44
229,17-Aug-16,8,573.22
230,18-Aug-16,8,574.32
231,19-Aug-16,8,575.63
232,20-Aug-16,8,581.7
233,21-Aug-16,8,581.31
234,22-Aug-16,8,586.75
235,23-Aug-16,8,583.41
236,24-Aug-16,8,580.18
237,25-Aug-16,8,577.76
238,26-Aug-16,8,579.65
239,27-Aug-16,8,569.95
240,28-Aug-16,8,573.91
241,29-Aug-16,8,574.11
242,30-Aug-16,8,577.5
243,31-Aug-16,8,575.47
244,01-Sep-16,9,572.3
245,02-Sep-16,9,575.54
246,03-Sep-16,9,598.21
247,04-Sep-16,9,608.63
248,05-Sep-16,9,606.59
249,06-Sep-16,9,610.44
250,07-Sep-16,9,614.54
251,08-Sep-16,9,626.32
252,09-Sep-16,9,622.86
253,10-Sep-16,9,623.51
254,11-Sep-16,9,606.72
255,12-Sep-16,9,608.24
256,13-Sep-16,9,609.24
257,14-Sep-16,9,610.68
258,15-Sep-16,9,607.16
259,16-Sep-16,9,606.97
260,17-Sep-16,9,605.98
261,18-Sep-16,9,609.87
262,19-Sep-16,9,609.23
263,20-Sep-16,9,608.31
264,21-Sep-16,9,597.15
265,22-Sep-16,9,596.3
266,23-Sep-16,9,602.84
267,24-Sep-16,9,602.63
268,25-Sep-16,9,600.83
269,26-Sep-16,9,608.04
270,27-Sep-16,9,606.17
271,28-Sep-16,9,604.73
272,29-Sep-16,9,605.69
273,30-Sep-16,9,609.73
274,01-Oct-16,10,613.98
275,02-Oct-16,10,610.89
276,03-Oct-16,10,612.13
277,04-Oct-16,10,610.2
278,05-Oct-16,10,612.51
279,06-Oct-16,10,613.02
280,07-Oct-16,10,617.12
281,08-Oct-16,10,619.11
282,09-Oct-16,10,616.75
283,10-Oct-16,10,618.99
284,11-Oct-16,10,641.07
285,12-Oct-16,10,636.19
286,13-Oct-16,10,636.79
287,14-Oct-16,10,640.38
288,15-Oct-16,10,638.65
289,16-Oct-16,10,641.63
290,17-Oct-16,10,639.19
291,18-Oct-16,10,637.96
292,19-Oct-16,10,630.52
293,20-Oct-16,10,630.86
294,21-Oct-16,10,632.83
295,22-Oct-16,10,657.29
296,23-Oct-16,10,657.07
297,24-Oct-16,10,653.76
298,25-Oct-16,10,657.59
299,26-Oct-16,10,678.3
300,27-Oct-16,10,688.31
301,28-Oct-16,10,689.65
302,29-Oct-16,10,714.48
303,30-Oct-16,10,701.86
304,31-Oct-16,10,700.97
305,01-Nov-16,11,729.79
306,02-Nov-16,11,740.83
307,03-Nov-16,11,688.7
308,04-Nov-16,11,703.23
309,05-Nov-16,11,703.42
310,06-Nov-16,11,711.52
311,07-Nov-16,11,703.13
312,08-Nov-16,11,709.85
313,09-Nov-16,11,723.27
314,10-Nov-16,11,715.53
315,11-Nov-16,11,716.41
316,12-Nov-16,11,705.05
317,13-Nov-16,11,702.03
318,14-Nov-16,11,705.02
319,15-Nov-16,11,711.62
320,16-Nov-16,11,744.2
321,17-Nov-16,11,740.98
322,18-Nov-16,11,751.59
323,19-Nov-16,11,751.62
324,20-Nov-16,11,731.03
325,21-Nov-16,11,739.25
326,22-Nov-16,11,751.35
327,23-Nov-16,11,744.59
328,24-Nov-16,11,740.29
329,25-Nov-16,11,741.65
330,26-Nov-16,11,735.38
331,27-Nov-16,11,732.03
332,28-Nov-16,11,735.81
333,29-Nov-16,11,735.6
334,30-Nov-16,11,745.69
335,01-Dec-16,12,756.77
336,02-Dec-16,12,777.94
337,03-Dec-16,12,771.16
338,04-Dec-16,12,773.87
339,05-Dec-16,12,758.7
340,06-Dec-16,12,764.22
341,07-Dec-16,12,768.13
342,08-Dec-16,12,770.81
343,09-Dec-16,12,772.79
344,10-Dec-16,12,774.65
345,11-Dec-16,12,769.73
346,12-Dec-16,12,780.09
347,13-Dec-16,12,780.56
348,14-Dec-16,12,781.48
349,15-Dec-16,12,778.09
350,16-Dec-16,12,784.91
351,17-Dec-16,12,790.83
352,18-Dec-16,12,790.53
353,19-Dec-16,12,792.71
354,20-Dec-16,12,800.88
355,21-Dec-16,12,834.28
356,22-Dec-16,12,864.54
357,23-Dec-16,12,921.98
358,24-Dec-16,12,898.82
359,25-Dec-16,12,896.18
360,26-Dec-16,12,907.61
361,27-Dec-16,12,933.2
362,28-Dec-16,12,975.92
363,29-Dec-16,12,973.5
364,30-Dec-16,12,961.24
365,31-Dec-16,12,963.74
366,01-Jan-17,1,998.33
367,02-Jan-17,1,1021.75
368,03-Jan-17,1,1043.84
369,04-Jan-17,1,1154.73
370,05-Jan-17,1,1013.38
371,06-Jan-17,1,902.2
372,07-Jan-17,1,908.59
373,08-Jan-17,1,911.2
374,09-Jan-17,1,902.83
375,10-Jan-17,1,907.68
376,11-Jan-17,1,777.76
377,12-Jan-17,1,804.83
378,13-Jan-17,1,823.98
379,14-Jan-17,1,818.41
380,15-Jan-17,1,821.8
381,16-Jan-17,1,831.53
382,17-Jan-17,1,907.94
383,18-Jan-17,1,886.62
384,19-Jan-17,1,899.07
385,20-Jan-17,1,895.03
386,21-Jan-17,1,921.79
387,22-Jan-17,1,924.67
388,23-Jan-17,1,921.01
389,24-Jan-17,1,892.69
390,25-Jan-17,1,901.54
391,26-Jan-17,1,917.59
392,27-Jan-17,1,919.75
393,28-Jan-17,1,921.59
394,29-Jan-17,1,919.5
395,30-Jan-17,1,920.38
396,31-Jan-17,1,970.4
397,01-Feb-17,2,989.02
398,02-Feb-17,2,1011.8
399,03-Feb-17,2,1029.91
400,04-Feb-17,2,1042.9
401,05-Feb-17,2,1027.34
402,06-Feb-17,2,1038.15
403,07-Feb-17,2,1061.35
404,08-Feb-17,2,1063.07
405,09-Feb-17,2,994.38
406,10-Feb-17,2,988.67
407,11-Feb-17,2,1004.45
408,12-Feb-17,2,999.18
409,13-Feb-17,2,990.64
410,14-Feb-17,2,1004.55
411,15-Feb-17,2,1007.48
412,16-Feb-17,2,1027.44
413,17-Feb-17,2,1046.21
414,18-Feb-17,2,1054.42
415,19-Feb-17,2,1047.87
416,20-Feb-17,2,1079.98
417,21-Feb-17,2,1115.3
418,22-Feb-17,2,1117.44
419,23-Feb-17,2,1166.72
420,24-Feb-17,2,1173.68
421,25-Feb-17,2,1143.84
422,26-Feb-17,2,1165.2
423,27-Feb-17,2,1179.97
424,28-Feb-17,2,1179.97
425,01-Mar-17,3,1222.5
426,02-Mar-17,3,1251.01
427,03-Mar-17,3,1274.99
428,04-Mar-17,3,1255.15
429,05-Mar-17,3,1267.12
430,06-Mar-17,3,1272.83
431,07-Mar-17,3,1223.54
432,08-Mar-17,3,1150
433,09-Mar-17,3,1188.49
434,10-Mar-17,3,1116.72
435,11-Mar-17,3,1175.83
436,12-Mar-17,3,1221.38
437,13-Mar-17,3,1231.92
438,14-Mar-17,3,1240
439,15-Mar-17,3,1249.61
440,16-Mar-17,3,1187.81
441,17-Mar-17,3,1100.23
442,18-Mar-17,3,973.82
443,19-Mar-17,3,1036.74
444,20-Mar-17,3,1054.23
445,21-Mar-17,3,1120.54
446,22-Mar-17,3,1049.14
447,23-Mar-17,3,1038.59
448,24-Mar-17,3,937.52
449,25-Mar-17,3,972.78
450,26-Mar-17,3,966.72
451,27-Mar-17,3,1045.77
452,28-Mar-17,3,1047.15
453,29-Mar-17,3,1039.97
454,30-Mar-17,3,1026.43
455,31-Mar-17,3,1071.79
456,01-Apr-17,4,1080.5
457,02-Apr-17,4,1102.17
458,03-Apr-17,4,1143.81
459,04-Apr-17,4,1133.25
460,05-Apr-17,4,1124.78
461,06-Apr-17,4,1182.68
462,07-Apr-17,4,1176.9
463,08-Apr-17,4,1175.95
464,09-Apr-17,4,1187.87
465,10-Apr-17,4,1187.13
466,11-Apr-17,4,1205.01
467,12-Apr-17,4,1200.37
468,13-Apr-17,4,1169.28
469,14-Apr-17,4,1167.54
470,15-Apr-17,4,1172.52
471,16-Apr-17,4,1182.94
472,17-Apr-17,4,1193.91
473,18-Apr-17,4,1211.67
474,19-Apr-17,4,1210.29
475,20-Apr-17,4,1229.08
476,21-Apr-17,4,1222.05
477,22-Apr-17,4,1231.71
478,23-Apr-17,4,1207.21
479,24-Apr-17,4,1250.15
480,25-Apr-17,4,1265.49
481,26-Apr-17,4,1281.08
482,27-Apr-17,4,1317.73
483,28-Apr-17,4,1316.48
484,29-Apr-17,4,1321.79
485,30-Apr-17,4,1347.89
486,01-May-17,5,1421.6
487,02-May-17,5,1452.82
488,03-May-17,5,1490.09
489,04-May-17,5,1537.67
490,05-May-17,5,1555.45
491,06-May-17,5,1578.8
492,07-May-17,5,1596.71
493,08-May-17,5,1723.35
494,09-May-17,5,1755.36
495,10-May-17,5,1787.13
496,11-May-17,5,1848.57
497,12-May-17,5,1724.24
498,13-May-17,5,1804.91
499,14-May-17,5,1808.91
500,15-May-17,5,1738.43
501,16-May-17,5,1734.45
502,17-May-17,5,1839.09
503,18-May-17,5,1888.65
504,19-May-17,5,1987.71
505,20-May-17,5,2084.73
506,21-May-17,5,2041.2
507,22-May-17,5,2173.4
508,23-May-17,5,2320.42
509,24-May-17,5,2443.64
510,25-May-17,5,2304.98
511,26-May-17,5,2202.42
512,27-May-17,5,2038.87
513,28-May-17,5,2155.8
514,29-May-17,5,2255.61
515,30-May-17,5,2175.47
516,31-May-17,5,2286.41
517,01-Jun-17,6,2407.88
518,02-Jun-17,6,2488.55
519,03-Jun-17,6,2515.35
520,04-Jun-17,6,2511.81
521,05-Jun-17,6,2686.81
522,06-Jun-17,6,2863.2
523,07-Jun-17,6,2732.16
524,08-Jun-17,6,2805.62
525,09-Jun-17,6,2823.81
526,10-Jun-17,6,2947.71
527,11-Jun-17,6,2958.11
528,12-Jun-17,6,2659.63
529,13-Jun-17,6,2717.02
530,14-Jun-17,6,2506.37
531,15-Jun-17,6,2464.58
532,16-Jun-17,6,2518.56
533,17-Jun-17,6,2655.88
534,18-Jun-17,6,2548.29
535,19-Jun-17,6,2589.6
536,20-Jun-17,6,2721.79
537,21-Jun-17,6,2689.1
538,22-Jun-17,6,2705.41
539,23-Jun-17,6,2744.91
540,24-Jun-17,6,2608.72
541,25-Jun-17,6,2589.41
542,26-Jun-17,6,2478.45
543,27-Jun-17,6,2552.45
544,28-Jun-17,6,2574.79
545,29-Jun-17,6,2539.32
546,30-Jun-17,6,2480.84
547,01-Jul-17,7,2434.55
548,02-Jul-17,7,2506.47
549,03-Jul-17,7,2564.06
550,04-Jul-17,7,2601.64
551,05-Jul-17,7,2601.99
552,06-Jul-17,7,2608.56
553,07-Jul-17,7,2518.66
554,08-Jul-17,7,2571.34
555,09-Jul-17,7,2518.44
556,10-Jul-17,7,2372.56
557,11-Jul-17,7,2337.79
558,12-Jul-17,7,2398.84
559,13-Jul-17,7,2357.9
560,14-Jul-17,7,2233.34
561,15-Jul-17,7,1998.86
562,16-Jul-17,7,1929.82
563,17-Jul-17,7,2228.41
564,18-Jul-17,7,2318.88
565,19-Jul-17,7,2273.43
566,20-Jul-17,7,2817.6
567,21-Jul-17,7,2667.76
568,22-Jul-17,7,2810.12
569,23-Jul-17,7,2730.4
570,24-Jul-17,7,2754.86
571,25-Jul-17,7,2576.48
572,26-Jul-17,7,2529.45
573,27-Jul-17,7,2671.78
574,28-Jul-17,7,2809.01
575,29-Jul-17,7,2726.45
576,30-Jul-17,7,2757.18
577,31-Jul-17,7,2875.34
578,01-Aug-17,8,2718.26
579,02-Aug-17,8,2710.67
580,03-Aug-17,8,2804.73
581,04-Aug-17,8,2895.89
582,05-Aug-17,8,3252.91
583,06-Aug-17,8,3213.94
584,07-Aug-17,8,3378.94
585,08-Aug-17,8,3419.94
586,09-Aug-17,8,3342.47
587,10-Aug-17,8,3381.28
588,11-Aug-17,8,3650.62
589,12-Aug-17,8,3884.71
590,13-Aug-17,8,4073.26
591,14-Aug-17,8,4325.13
592,15-Aug-17,8,4181.93
593,16-Aug-17,8,4376.63
594,17-Aug-17,8,4331.69
595,18-Aug-17,8,4160.62
596,19-Aug-17,8,4193.7
597,20-Aug-17,8,4087.66
598,21-Aug-17,8,4001.74
599,22-Aug-17,8,4100.52
600,23-Aug-17,8,4151.52
601,24-Aug-17,8,4334.68
602,25-Aug-17,8,4371.6
603,26-Aug-17,8,4352.4
604,27-Aug-17,8,4382.88
605,28-Aug-17,8,4382.66
606,29-Aug-17,8,4579.02
607,30-Aug-17,8,4565.3
608,31-Aug-17,8,4703.39
609,01-Sep-17,9,4892.01
610,02-Sep-17,9,4578.77
611,03-Sep-17,9,4582.96
612,04-Sep-17,9,4236.31
613,05-Sep-17,9,4376.53
614,06-Sep-17,9,4597.12
615,07-Sep-17,9,4599.88
616,08-Sep-17,9,4228.75
617,09-Sep-17,9,4226.06
618,10-Sep-17,9,4122.94
619,11-Sep-17,9,4161.27
620,12-Sep-17,9,4130.81
621,13-Sep-17,9,3882.59
622,14-Sep-17,9,3154.95
623,15-Sep-17,9,3637.52
624,16-Sep-17,9,3625.04
625,17-Sep-17,9,3582.88
626,18-Sep-17,9,4065.2
627,19-Sep-17,9,3924.97
628,20-Sep-17,9,3905.95
629,21-Sep-17,9,3631.04
630,22-Sep-17,9,3630.7
631,23-Sep-17,9,3792.4
632,24-Sep-17,9,3682.84
633,25-Sep-17,9,3926.07
634,26-Sep-17,9,3892.35
635,27-Sep-17,9,4200.67
636,28-Sep-17,9,4174.73
637,29-Sep-17,9,4163.07
638,30-Sep-17,9,4338.71
639,01-Oct-17,10,4403.74
640,02-Oct-17,10,4409.32
641,03-Oct-17,10,4317.48
642,04-Oct-17,10,4229.36
643,05-Oct-17,10,4328.41
644,06-Oct-17,10,4370.81
645,07-Oct-17,10,4426.89
646,08-Oct-17,10,4610.48
647,09-Oct-17,10,4772.02
648,10-Oct-17,10,4781.99
649,11-Oct-17,10,4826.48
650,12-Oct-17,10,5446.91
651,13-Oct-17,10,5647.21
652,14-Oct-17,10,5831.79
653,15-Oct-17,10,5678.19
654,16-Oct-17,10,5725.59
655,17-Oct-17,10,5605.51
656,18-Oct-17,10,5590.69
657,19-Oct-17,10,5708.52
658,20-Oct-17,10,6011.45
659,21-Oct-17,10,6031.6
660,22-Oct-17,10,6008.42
661,23-Oct-17,10,5930.32
662,24-Oct-17,10,5526.64
663,25-Oct-17,10,5750.8
664,26-Oct-17,10,5904.83
665,27-Oct-17,10,5780.9
666,28-Oct-17,10,5753.09
667,29-Oct-17,10,6153.85
668,30-Oct-17,10,6130.53
669,31-Oct-17,10,6468.4
670,01-Nov-17,11,6767.31
671,02-Nov-17,11,7078.5
672,03-Nov-17,11,7207.76
673,04-Nov-17,11,7379.95
674,05-Nov-17,11,7407.41
675,06-Nov-17,11,7022.76
676,07-Nov-17,11,7144.38
677,08-Nov-17,11,7459.69
678,09-Nov-17,11,7143.58
679,10-Nov-17,11,6618.14
680,11-Nov-17,11,6357.6
681,12-Nov-17,11,5950.07
682,13-Nov-17,11,6559.49
683,14-Nov-17,11,6635.75
684,15-Nov-17,11,7315.54
685,16-Nov-17,11,7871.69
686,17-Nov-17,11,7708.99
687,18-Nov-17,11,7790.15
688,19-Nov-17,11,8036.49
689,20-Nov-17,11,8200.64
690,21-Nov-17,11,8071.26
691,22-Nov-17,11,8253.55
692,23-Nov-17,11,8038.77
693,24-Nov-17,11,8253.69
694,25-Nov-17,11,8790.92
695,26-Nov-17,11,9330.55
696,27-Nov-17,11,9818.35
697,28-Nov-17,11,10058.8
698,29-Nov-17,11,9888.61
699,30-Nov-17,11,10233.6
700,01-Dec-17,12,10975.6
701,02-Dec-17,12,11074.6
702,03-Dec-17,12,11323.2
703,04-Dec-17,12,11657.2
704,05-Dec-17,12,11916.7
705,06-Dec-17,12,14291.5
706,07-Dec-17,12,17899.7
707,08-Dec-17,12,16569.4
708,09-Dec-17,12,15178.2
709,10-Dec-17,12,15455.4
710,11-Dec-17,12,16936.8
711,12-Dec-17,12,17415.4
712,13-Dec-17,12,16408.2
713,14-Dec-17,12,16564
714,15-Dec-17,12,17706.9
715,16-Dec-17,12,19497.4
716,17-Dec-17,12,19140.8
717,18-Dec-17,12,19114.2
718,19-Dec-17,12,17776.7
719,20-Dec-17,12,16624.6
720,21-Dec-17,12,15802.9
721,22-Dec-17,12,13831.8
722,23-Dec-17,12,14699.2
723,24-Dec-17,12,13925.8
724,25-Dec-17,12,14026.6
725,26-Dec-17,12,16099.8
726,27-Dec-17,12,15838.5
727,28-Dec-17,12,14606.5
728,29-Dec-17,12,14656.2
729,30-Dec-17,12,12952.2
730,31-Dec-17,12,14156.4
731,01-Jan-18,1,13657.2
732,02-Jan-18,1,14982.1
733,03-Jan-18,1,15201
734,04-Jan-18,1,15599.2
735,05-Jan-18,1,17429.5
736,06-Jan-18,1,17527
737,07-Jan-18,1,16477.6
738,08-Jan-18,1,15170.1
739,09-Jan-18,1,14595.4
740,10-Jan-18,1,14973.3
741,11-Jan-18,1,13405.8
742,12-Jan-18,1,13980.6
743,13-Jan-18,1,14360.2
744,14-Jan-18,1,13772
745,15-Jan-18,1,13819.8
746,16-Jan-18,1,11490.5
747,17-Jan-18,1,11188.6
748,18-Jan-18,1,11474.9
749,19-Jan-18,1,11607.4
750,20-Jan-18,1,12899.2
751,21-Jan-18,1,11600.1
752,22-Jan-18,1,10931.4
753,23-Jan-18,1,10868.4
754,24-Jan-18,1,11359.4
755,25-Jan-18,1,11259.4
756,26-Jan-18,1,11171.4
757,27-Jan-18,1,11440.7
758,28-Jan-18,1,11786.3
759,29-Jan-18,1,11296.4
760,30-Jan-18,1,10106.3
761,31-Jan-18,1,10221.1
762,01-Feb-18,2,9170.54
763,02-Feb-18,2,8830.75
764,03-Feb-18,2,9174.91
765,04-Feb-18,2,8277.01
766,05-Feb-18,2,6955.27
767,06-Feb-18,2,7754
768,07-Feb-18,2,7621.3
769,08-Feb-18,2,8265.59
770,09-Feb-18,2,8736.98
771,10-Feb-18,2,8621.9
772,11-Feb-18,2,8129.97
773,12-Feb-18,2,8926.57
774,13-Feb-18,2,8598.31
775,14-Feb-18,2,9494.63
776,15-Feb-18,2,10166.4
777,16-Feb-18,2,10233.9
778,17-Feb-18,2,11112.7
779,18-Feb-18,2,10551.8
780,19-Feb-18,2,11225.3
781,20-Feb-18,2,11403.7
782,21-Feb-18,2,10690.4
783,22-Feb-18,2,10005
784,23-Feb-18,2,10301.1
785,24-Feb-18,2,9813.07
786,25-Feb-18,2,9664.73
787,26-Feb-18,2,10366.7
788,27-Feb-18,2,10725.6
789,28-Feb-18,2,10397.9
790,01-Mar-18,3,10951
791,02-Mar-18,3,11086.4
792,03-Mar-18,3,11489.7
793,04-Mar-18,3,11512.6
794,05-Mar-18,3,11573.3
795,06-Mar-18,3,10779.9
796,07-Mar-18,3,9965.57
797,08-Mar-18,3,9395.01
798,09-Mar-18,3,9337.55
799,10-Mar-18,3,8866
800,11-Mar-18,3,9578.63
801,12-Mar-18,3,9205.12
802,13-Mar-18,3,9194.85
803,14-Mar-18,3,8269.81
804,15-Mar-18,3,8300.86
805,16-Mar-18,3,8338.35
806,17-Mar-18,3,7916.88
807,18-Mar-18,3,8223.68
808,19-Mar-18,3,8630.65
809,20-Mar-18,3,8913.47
810,21-Mar-18,3,8929.28
811,22-Mar-18,3,8728.47
812,23-Mar-18,3,8879.62
813,24-Mar-18,3,8668.12
814,25-Mar-18,3,8495.78
815,26-Mar-18,3,8209.4
816,27-Mar-18,3,7833.04
817,28-Mar-18,3,7954.48
818,29-Mar-18,3,7165.7
819,30-Mar-18,3,6890.52
820,31-Mar-18,3,6973.53
821,01-Apr-18,4,6844.23
822,02-Apr-18,4,7083.8
823,03-Apr-18,4,7456.11
824,04-Apr-18,4,6853.84
825,05-Apr-18,4,6811.47
826,06-Apr-18,4,6636.32
827,07-Apr-18,4,6911.09
828,08-Apr-18,4,7023.52
829,09-Apr-18,4,6770.73
830,10-Apr-18,4,6834.76
831,11-Apr-18,4,6968.32
832,12-Apr-18,4,7889.25
833,13-Apr-18,4,7895.96
834,14-Apr-18,4,7986.24
835,15-Apr-18,4,8329.11
836,16-Apr-18,4,8058.67
837,17-Apr-18,4,7902.09
838,18-Apr-18,4,8163.42
839,19-Apr-18,4,8294.31
840,20-Apr-18,4,8845.83
841,21-Apr-18,4,8895.58
842,22-Apr-18,4,8802.46
843,23-Apr-18,4,8930.88
844,24-Apr-18,4,9697.5
845,25-Apr-18,4,8845.74
846,26-Apr-18,4,9281.51
847,27-Apr-18,4,8987.05
848,28-Apr-18,4,9348.48
849,29-Apr-18,4,9419.08
850,30-Apr-18,4,9240.55
851,01-May-18,5,9119.01
852,02-May-18,5,9235.92
853,03-May-18,5,9743.86
854,04-May-18,5,9700.76
855,05-May-18,5,9858.15
856,06-May-18,5,9654.8
857,07-May-18,5,9373.01
858,08-May-18,5,9234.82
859,09-May-18,5,9325.18
860,10-May-18,5,9043.94
861,11-May-18,5,8441.49
862,12-May-18,5,8504.89
863,13-May-18,5,8723.94
864,14-May-18,5,8716.79
865,15-May-18,5,8510.38
866,16-May-18,5,8368.83
867,17-May-18,5,8094.32
868,18-May-18,5,8250.97
869,19-May-18,5,8247.18
870,20-May-18,5,8513.25
871,21-May-18,5,8418.99
872,22-May-18,5,8041.78
873,23-May-18,5,7557.82
874,24-May-18,5,7587.34
875,25-May-18,5,7480.14
876,26-May-18,5,7355.88
877,27-May-18,5,7368.22
878,28-May-18,5,7135.99
879,29-May-18,5,7472.59
880,30-May-18,5,7406.52
881,31-May-18,5,7494.17
882,01-Jun-18,6,7541.45
883,02-Jun-18,6,7643.45
884,03-Jun-18,6,7720.25
885,04-Jun-18,6,7514.47
886,05-Jun-18,6,7633.76
887,06-Jun-18,6,7653.98
888,07-Jun-18,6,7678.24
889,08-Jun-18,6,7624.92
890,09-Jun-18,6,7531.98
891,10-Jun-18,6,6786.02
892,11-Jun-18,6,6906.92
893,12-Jun-18,6,6582.36
894,13-Jun-18,6,6349.9
895,14-Jun-18,6,6675.35
896,15-Jun-18,6,6456.58
897,16-Jun-18,6,6550.16
898,17-Jun-18,6,6499.27
899,18-Jun-18,6,6734.82
900,19-Jun-18,6,6769.94
901,20-Jun-18,6,6776.55
902,21-Jun-18,6,6729.74
903,22-Jun-18,6,6083.69
904,23-Jun-18,6,6162.48
905,24-Jun-18,6,6173.23
906,25-Jun-18,6,6249.18
907,26-Jun-18,6,6093.67
908,27-Jun-18,6,6157.13
909,28-Jun-18,6,5903.44
910,29-Jun-18,6,6218.3
911,30-Jun-18,6,6404
912,01-Jul-18,7,6385.82
913,02-Jul-18,7,6614.18
914,03-Jul-18,7,6529.59
915,04-Jul-18,7,6597.55
916,05-Jul-18,7,6639.14
917,06-Jul-18,7,6673.5
918,07-Jul-18,7,6856.93
919,08-Jul-18,7,6773.88
920,09-Jul-18,7,6741.75
921,10-Jul-18,7,6329.95
922,11-Jul-18,7,6394.71
923,12-Jul-18,7,6228.81
924,13-Jul-18,7,6238.05
925,14-Jul-18,7,6276.12
926,15-Jul-18,7,6359.64
927,16-Jul-18,7,6741.75
928,17-Jul-18,7,7321.04
929,18-Jul-18,7,7370.78
930,19-Jul-18,7,7466.86
931,20-Jul-18,7,7354.13
932,21-Jul-18,7,7419.29
933,22-Jul-18,7,7418.49
934,23-Jul-18,7,7711.11
935,24-Jul-18,7,8424.27
936,25-Jul-18,7,8181.39
937,26-Jul-18,7,7951.58
938,27-Jul-18,7,8165.01
939,28-Jul-18,7,8192.15
940,29-Jul-18,7,8218.46
941,30-Jul-18,7,8180.48
942,31-Jul-18,7,7780.44
943,01-Aug-18,8,7624.91
944,02-Aug-18,8,7567.15
945,03-Aug-18,8,7434.39
946,04-Aug-18,8,7032.85
947,05-Aug-18,8,7068.48
948,06-Aug-18,8,6951.8
949,07-Aug-18,8,6753.12
950,08-Aug-18,8,6305.8
951,09-Aug-18,8,6568.23
952,10-Aug-18,8,6184.71
953,11-Aug-18,8,6295.73
954,12-Aug-18,8,6322.69
955,13-Aug-18,8,6297.57
956,14-Aug-18,8,6199.71
957,15-Aug-18,8,6308.52
958,16-Aug-18,8,6334.73
959,17-Aug-18,8,6580.63
960,18-Aug-18,8,6423.76
961,19-Aug-18,8,6506.07
962,20-Aug-18,8,6308.53
963,21-Aug-18,8,6488.76
964,22-Aug-18,8,6376.71
965,23-Aug-18,8,6534.88
966,24-Aug-18,8,6719.96
967,25-Aug-18,8,6763.19
968,26-Aug-18,8,6707.26
969,27-Aug-18,8,6884.64
970,28-Aug-18,8,7096.28
971,29-Aug-18,8,7047.16
972,30-Aug-18,8,6978.23
973,31-Aug-18,8,7037.58
974,01-Sep-18,9,7193.25
975,02-Sep-18,9,7272.72
976,03-Sep-18,9,7260.06
977,04-Sep-18,9,7361.66
978,05-Sep-18,9,6792.83
979,06-Sep-18,9,6529.17
980,07-Sep-18,9,6467.07
981,08-Sep-18,9,6225.98
982,09-Sep-18,9,6300.86
983,10-Sep-18,9,6329.7
984,11-Sep-18,9,6321.2
985,12-Sep-18,9,6351.8
986,13-Sep-18,9,6517.31
987,14-Sep-18,9,6512.71
988,15-Sep-18,9,6543.2
989,16-Sep-18,9,6517.18
990,17-Sep-18,9,6281.2
991,18-Sep-18,9,6371.3
992,19-Sep-18,9,6398.54
993,20-Sep-18,9,6519.67
994,21-Sep-18,9,6734.95
995,22-Sep-18,9,6721.98
996,23-Sep-18,9,6710.63
997,24-Sep-18,9,6595.41
998,25-Sep-18,9,6446.47
999,26-Sep-18,9,6495
1000,27-Sep-18,9,6676.75
1001,28-Sep-18,9,6644.13
1002,29-Sep-18,9,6601.96
1003,30-Sep-18,9,6625.56
1004,01-Oct-18,10,6589.62
1005,02-Oct-18,10,6556.1
1006,03-Oct-18,10,6502.59
1007,04-Oct-18,10,6576.69
1008,05-Oct-18,10,6622.48
1009,06-Oct-18,10,6588.31
1010,07-Oct-18,10,6602.95
1011,08-Oct-18,10,6652.23
1012,09-Oct-18,10,6642.64
1013,10-Oct-18,10,6585.53
1014,11-Oct-18,10,6256.24
1015,12-Oct-18,10,6274.58
1016,13-Oct-18,10,6285.99
1017,14-Oct-18,10,6290.93
1018,15-Oct-18,10,6596.54
1019,16-Oct-18,10,6596.11
1020,17-Oct-18,10,6544.43
1021,18-Oct-18,10,6476.71
1022,19-Oct-18,10,6465.41
1023,20-Oct-18,10,6489.19
1024,21-Oct-18,10,6482.35
1025,22-Oct-18,10,6487.16
1026,23-Oct-18,10,6475.74
1027,24-Oct-18,10,6495.84
1028,25-Oct-18,10,6476.29
1029,26-Oct-18,10,6474.75
1030,27-Oct-18,10,6480.38
1031,28-Oct-18,10,6486.39
1032,29-Oct-18,10,6332.63
1033,30-Oct-18,10,6334.27
1034,31-Oct-18,10,6317.61
1035,01-Nov-18,11,6377.78
1036,02-Nov-18,11,6388.44
1037,03-Nov-18,11,6361.26
1038,04-Nov-18,11,6376.13
1039,05-Nov-18,11,6419.66
1040,06-Nov-18,11,6461.01
1041,07-Nov-18,11,6530.14
1042,08-Nov-18,11,6453.72
1043,09-Nov-18,11,6385.62
1044,10-Nov-18,11,6409.22
1045,11-Nov-18,11,6411.27
1046,12-Nov-18,11,6371.27
1047,13-Nov-18,11,6359.49
1048,14-Nov-18,11,5738.35
1049,15-Nov-18,11,5648.03
1050,16-Nov-18,11,5575.55
1051,17-Nov-18,11,5554.33
1052,18-Nov-18,11,5623.54
1053,19-Nov-18,11,4871.49
1054,20-Nov-18,11,4451.87
1055,21-Nov-18,11,4602.17
1056,22-Nov-18,11,4365.94
1057,23-Nov-18,11,4347.11
1058,24-Nov-18,11,3880.76
1059,25-Nov-18,11,4009.97
1060,26-Nov-18,11,3779.13
1061,27-Nov-18,11,3820.72
1062,28-Nov-18,11,4257.42
1063,29-Nov-18,11,4278.85
1064,30-Nov-18,11,4017.27
1065,01-Dec-18,12,4214.67
1066,02-Dec-18,12,4139.88
1067,03-Dec-18,12,3894.13
1068,04-Dec-18,12,3956.89
1069,05-Dec-18,12,3753.99
1070,06-Dec-18,12,3521.1
1071,07-Dec-18,12,3419.94
1072,08-Dec-18,12,3476.11
1073,09-Dec-18,12,3614.23
1074,10-Dec-18,12,3502.66
1075,11-Dec-18,12,3424.59
1076,12-Dec-18,12,3486.95
1077,13-Dec-18,12,3313.68
1078,14-Dec-18,12,3242.48
1079,15-Dec-18,12,3236.76
1080,16-Dec-18,12,3252.84
1081,17-Dec-18,12,3545.86
1082,18-Dec-18,12,3696.06
1083,19-Dec-18,12,3745.95
1084,20-Dec-18,12,4134.44
1085,21-Dec-18,12,3896.54
1086,22-Dec-18,12,4014.18
1087,23-Dec-18,12,3998.98
1088,24-Dec-18,12,4078.6
1089,25-Dec-18,12,3815.49
1090,26-Dec-18,12,3857.3
1091,27-Dec-18,12,3654.83
1092,28-Dec-18,12,3923.92
1093,29-Dec-18,12,3820.41
1094,30-Dec-18,12,3865.95
1095,31-Dec-18,12,3742.7
1096,01-Jan-19,1,3843.52
1097,02-Jan-19,1,3943.41
1098,03-Jan-19,1,3836.74
1099,04-Jan-19,1,3857.72
1100,05-Jan-19,1,3845.19
1101,06-Jan-19,1,4076.63
1102,07-Jan-19,1,4025.25
1103,08-Jan-19,1,4030.85
1104,09-Jan-19,1,4035.3
1105,10-Jan-19,1,3678.92
1106,11-Jan-19,1,3687.37
1107,12-Jan-19,1,3661.3
1108,13-Jan-19,1,3552.95
1109,14-Jan-19,1,3706.05
1110,15-Jan-19,1,3630.68
1111,16-Jan-19,1,3655.01
1112,17-Jan-19,1,3678.56
1113,18-Jan-19,1,3657.84
1114,19-Jan-19,1,3728.57
1115,20-Jan-19,1,3601.01
1116,21-Jan-19,1,3576.03
1117,22-Jan-19,1,3604.58
1118,23-Jan-19,1,3585.12
1119,24-Jan-19,1,3600.87
1120,25-Jan-19,1,3599.77
1121,26-Jan-19,1,3602.46
1122,27-Jan-19,1,3583.97
1123,28-Jan-19,1,3470.45
1124,29-Jan-19,1,3448.12
1125,30-Jan-19,1,3486.18
1126,31-Jan-19,1,3457.79
1127,01-Feb-19,2,3487.95
1128,02-Feb-19,2,3521.06
1129,03-Feb-19,2,3464.01
1130,04-Feb-19,2,3459.15
1131,05-Feb-19,2,3466.36
1132,06-Feb-19,2,3413.77
1133,07-Feb-19,2,3399.47
1134,08-Feb-19,2,3666.78
1135,09-Feb-19,2,3671.2
1136,10-Feb-19,2,3690.19
1137,11-Feb-19,2,3648.43
1138,12-Feb-19,2,3653.53
1139,13-Feb-19,2,3632.07
1140,14-Feb-19,2,3616.88
1141,15-Feb-19,2,3620.81
1142,16-Feb-19,2,3629.79
1143,17-Feb-19,2,3673.84
1144,18-Feb-19,2,3915.71
1145,19-Feb-19,2,3947.09
1146,20-Feb-19,2,3999.82
1147,21-Feb-19,2,3954.12
1148,22-Feb-19,2,4005.53
1149,23-Feb-19,2,4142.53
1150,24-Feb-19,2,3810.43
1151,25-Feb-19,2,3882.7
1152,26-Feb-19,2,3854.36
1153,27-Feb-19,2,3851.05
1154,28-Feb-19,2,3854.79
1155,01-Mar-19,3,3859.58
1156,02-Mar-19,3,3864.42
1157,03-Mar-19,3,3847.18
1158,04-Mar-19,3,3761.56
1159,05-Mar-19,3,3896.38
1160,06-Mar-19,3,3903.94
1161,07-Mar-19,3,3911.48
1162,08-Mar-19,3,3901.13
1163,09-Mar-19,3,3963.31
1164,10-Mar-19,3,3951.6
1165,11-Mar-19,3,3905.23
1166,12-Mar-19,3,3909.16
1167,13-Mar-19,3,3906.72
1168,14-Mar-19,3,3924.37
1169,15-Mar-19,3,3960.91
1170,16-Mar-19,3,4048.73
1171,17-Mar-19,3,4025.23
1172,18-Mar-19,3,4032.51
1173,19-Mar-19,3,4071.19
1174,20-Mar-19,3,4087.48
1175,21-Mar-19,3,4029.33
1176,22-Mar-19,3,4023.97
1177,23-Mar-19,3,4035.83
1178,24-Mar-19,3,4022.17
1179,25-Mar-19,3,3963.07
1180,26-Mar-19,3,3985.08
1181,27-Mar-19,3,4087.07
1182,28-Mar-19,3,4069.11
1183,29-Mar-19,3,4098.37
1184,30-Mar-19,3,4106.66
1185,31-Mar-19,3,4105.4
1186,01-Apr-19,4,4158.18
1187,02-Apr-19,4,4879.88
1188,03-Apr-19,4,4973.02
1189,04-Apr-19,4,4922.8
1190,05-Apr-19,4,5036.68
1191,06-Apr-19,4,5059.82
1192,07-Apr-19,4,5198.9
1193,08-Apr-19,4,5289.77
1194,09-Apr-19,4,5204.96
1195,10-Apr-19,4,5324.55
1196,11-Apr-19,4,5064.49
1197,12-Apr-19,4,5089.54
1198,13-Apr-19,4,5096.59
1199,14-Apr-19,4,5167.72
1200,15-Apr-19,4,5067.11
1201,16-Apr-19,4,5235.56
1202,17-Apr-19,4,5251.94
1203,18-Apr-19,4,5298.39
1204,19-Apr-19,4,5303.81
1205,20-Apr-19,4,5337.89
1206,21-Apr-19,4,5314.53
1207,22-Apr-19,4,5399.37
1208,23-Apr-19,4,5572.36
1209,24-Apr-19,4,5464.87
1210,25-Apr-19,4,5210.52
1211,26-Apr-19,4,5279.35
1212,27-Apr-19,4,5268.29
1213,28-Apr-19,4,5285.14
1214,29-Apr-19,4,5247.35
1215,30-Apr-19,4,5350.73
1216,01-May-19,5,5402.7
1217,02-May-19,5,5505.28
1218,03-May-19,5,5768.29
1219,04-May-19,5,5831.17
1220,05-May-19,5,5795.71
1221,06-May-19,5,5746.81
1222,07-May-19,5,5829.5
1223,08-May-19,5,5982.46
1224,09-May-19,5,6174.53
1225,10-May-19,5,6378.85
1226,11-May-19,5,7204.77
1227,12-May-19,5,6972.37
1228,13-May-19,5,7814.92
1229,15-May-19,5,8205.17
1230,16-May-19,5,7884.91
1231,17-May-19,5,7343.9
1232,18-May-19,5,7271.21
1233,19-May-19,5,8197.69
1234,20-May-19,5,7978.31
1235,21-May-19,5,7963.33
1236,22-May-19,5,7680.07
1237,23-May-19,5,7881.85
1238,24-May-19,5,7987.37
1239,25-May-19,5,8052.54
1240,26-May-19,5,8673.22
1241,27-May-19,5,8805.78
1242,28-May-19,5,8719.96
1243,29-May-19,5,8659.49
1244,30-May-19,5,8319.47
1245,31-May-19,5,8574.5
1246,01-Jun-19,6,8564.02
1247,02-Jun-19,6,8742.96
1248,03-Jun-19,6,8208.99
1249,04-Jun-19,6,7707.77
1250,05-Jun-19,6,7824.23
1251,06-Jun-19,6,7822.02
1252,07-Jun-19,6,8043.95
1253,08-Jun-19,6,7954.13
1254,09-Jun-19,6,7688.08
1255,10-Jun-19,6,8000.33
1256,11-Jun-19,6,7927.71
1257,12-Jun-19,6,8145.86
1258,13-Jun-19,6,8230.92
1259,14-Jun-19,6,8693.83
1260,15-Jun-19,6,8838.38
1261,16-Jun-19,6,8994.49
1262,17-Jun-19,6,9320.35
1263,18-Jun-19,6,9081.76
1264,19-Jun-19,6,9273.52
1265,20-Jun-19,6,9527.16
1266,21-Jun-19,6,10144.56
1267,22-Jun-19,6,10701.69
1268,23-Jun-19,6,10855.37
1269,24-Jun-19,6,11011.1
1270,25-Jun-19,6,11790.92
1271,26-Jun-19,6,13016.23
1272,27-Jun-19,6,11182.81
1273,28-Jun-19,6,12407.33
1274,29-Jun-19,6,11959.37
1275,30-Jun-19,6,10817.16
1276,01-Jul-19,7,10583.13
1277,02-Jul-19,7,10801.68
1278,03-Jul-19,7,11961.27
1279,04-Jul-19,7,11215.44
1280,05-Jul-19,7,10978.46
1281,06-Jul-19,7,11208.55
1282,07-Jul-19,7,11450.85
1283,08-Jul-19,7,12285.96
1284,09-Jul-19,7,12573.81
1285,10-Jul-19,7,12156.51
1286,11-Jul-19,7,11358.66
1287,12-Jul-19,7,11815.99
1288,13-Jul-19,7,11392.38
1289,14-Jul-19,7,10256.06
1290,15-Jul-19,7,10895.09
1291,16-Jul-19,7,9477.64
1292,17-Jul-19,7,9693.8
1293,18-Jul-19,7,10666.48
1294,19-Jul-19,7,10530.73
1295,20-Jul-19,7,10767.14
1296,21-Jul-19,7,10599.11
1297,23-Jul-19,7,9900.77
1298,24-Jul-19,7,9811.93
1299,25-Jul-19,7,9911.84
1300,26-Jul-19,7,9870.3
1301,27-Jul-19,7,9477.68
1302,28-Jul-19,7,9552.86
1303,29-Jul-19,7,9519.15
1304,30-Jul-19,7,9607.42
1305,31-Jul-19,7,10085.63
1306,01-Aug-19,8,10399.67
1307,02-Aug-19,8,10518.17
1308,03-Aug-19,8,10821.73
1309,04-Aug-19,8,10970.18
1310,05-Aug-19,8,11805.65
1311,06-Aug-19,8,11478.17
1312,07-Aug-19,8,11941.97
1313,08-Aug-19,8,11966.41
1314,09-Aug-19,8,11862.94
1315,11-Aug-19,8,11523.58
1316,12-Aug-19,8,11382.62
1317,13-Aug-19,8,10895.83
1318,14-Aug-19,8,10051.7
1319,15-Aug-19,8,10311.55
1320,16-Aug-19,8,10374.34
1321,18-Aug-19,8,10345.81
1322,19-Aug-19,8,10916.05
1323,20-Aug-19,8,10763.23
1324,21-Aug-19,8,10138.05
1325,22-Aug-19,8,10131.06
1326,23-Aug-19,8,10407.97
1327,25-Aug-19,8,10138.52
1328,26-Aug-19,8,10370.82
1329,27-Aug-19,8,10185.5
1330,28-Aug-19,8,9754.42
1331,29-Aug-19,8,9510.2
1332,30-Aug-19,8,9598.17
1333,31-Aug-19,8,9630.66
1334,01-Sep-19,9,9757.97
1335,02-Sep-19,9,10346.76
1336,03-Sep-19,9,10623.54
1337,04-Sep-19,9,10594.49
1338,05-Sep-19,9,10575.53
1339,06-Sep-19,9,10353.3
1340,07-Sep-19,9,10517.25
1341,08-Sep-19,9,10441.28
1342,09-Sep-19,9,10334.97
1343,10-Sep-19,9,10115.98
1344,11-Sep-19,9,10178.37
1345,12-Sep-19,9,10410.13
1346,13-Sep-19,9,10360.55
1347,14-Sep-19,9,10358.05
1348,16-Sep-19,9,10276.79
1349,18-Sep-19,9,10198.25
1350,19-Sep-19,9,10266.41
1351,20-Sep-19,9,10181.64
1352,21-Sep-19,9,10019.72
1353,22-Sep-19,9,10070.39
1354,23-Sep-19,9,9729.32
1355,24-Sep-19,9,8620.57
1356,25-Sep-19,9,8486.99
1357,26-Sep-19,9,8118.97
1358,27-Sep-19,9,8251.85
1359,28-Sep-19,9,8245.92
1360,29-Sep-19,9,8104.19
1361,30-Sep-19,9,8293.87
1362,01-Oct-19,10,8343.28
1363,02-Oct-19,10,8393.04
1364,03-Oct-19,10,8259.99
1365,04-Oct-19,10,8205.94
1366,06-Oct-19,10,7988.16
1367,07-Oct-19,10,8245.62
1368,08-Oct-19,10,8228.78
1369,09-Oct-19,10,8595.74
1370,10-Oct-19,10,8586.47
1371,11-Oct-19,10,8321.76
1372,12-Oct-19,10,8336.56
1373,13-Oct-19,10,8321.01
1374,15-Oct-19,10,8205.37
1375,16-Oct-19,10,8047.53
1376,17-Oct-19,10,8103.91
1377,18-Oct-19,10,7973.21
1378,20-Oct-19,10,8222.08
1379,21-Oct-19,10,8243.72
1380,22-Oct-19,10,8078.2
1381,23-Oct-19,10,7514.67
1382,24-Oct-19,10,7493.49
1383,25-Oct-19,10,8660.7
1384,26-Oct-19,10,9244.97
1385,27-Oct-19,10,9551.71
1386,29-Oct-19,10,9427.69
1387,30-Oct-19,10,9205.73
1388,01-Nov-19,11,9261.1
1389,02-Nov-19,11,9324.72
1390,03-Nov-19,11,9235.35
1391,04-Nov-19,11,9412.61
1392,05-Nov-19,11,9342.53
1393,06-Nov-19,11,9360.88
1394,07-Nov-19,11,9267.56
1395,08-Nov-19,11,8804.88
1396,09-Nov-19,11,8813.58
1397,10-Nov-19,11,9055.53
1398,11-Nov-19,11,8757.79
1399,12-Nov-19,11,8815.66
1400,13-Nov-19,11,8808.26
1401,14-Nov-19,11,8708.1
1402,15-Nov-19,11,8491.99
1403,16-Nov-19,11,8550.76
1404,17-Nov-19,11,8577.98
1405,18-Nov-19,11,8309.29
1406,19-Nov-19,11,8206.15
1407,20-Nov-19,11,8027.27
1408,21-Nov-19,11,7642.75
1409,22-Nov-19,11,7296.58
1410,23-Nov-19,11,7397.8
1411,24-Nov-19,11,7047.92
1412,25-Nov-19,11,7146.13
1413,26-Nov-19,11,7218.37
1414,27-Nov-19,11,7531.66
1415,28-Nov-19,11,7463.11
1416,29-Nov-19,11,7761.24
1417,30-Nov-19,11,7569.63
1418,01-Dec-19,12,7424.29
1419,02-Dec-19,12,7321.99
1420,03-Dec-19,12,7320.15
1421,04-Dec-19,12,7252.03
1422,05-Dec-19,12,7448.31
1423,06-Dec-19,12,7547
1424,07-Dec-19,12,7556.24
1425,08-Dec-19,12,7564.35
1426,09-Dec-19,12,7400.9
1427,10-Dec-19,12,7278.12
1428,11-Dec-19,12,7217.43
1429,12-Dec-19,12,7243.13
1430,13-Dec-19,12,7269.68
1431,14-Dec-19,12,7124.67
1432,15-Dec-19,12,7152.3
1433,16-Dec-19,12,6932.48
1434,17-Dec-19,12,6640.52
1435,18-Dec-19,12,7276.8
1436,19-Dec-19,12,7202.84
1437,20-Dec-19,12,7218.82
1438,21-Dec-19,12,7191.16
1439,22-Dec-19,12,7511.59
1440,23-Dec-19,12,7355.63
1441,24-Dec-19,12,7322.53
1442,25-Dec-19,12,7275.16
1443,26-Dec-19,12,7238.97
1444,27-Dec-19,12,7290.09
1445,28-Dec-19,12,7317.99
1446,29-Dec-19,12,7422.65
1447,30-Dec-19,12,7293
1448,31-Dec-19,12,7193.6
1449,01-Jan-20,1,7200.17
1450,02-Jan-20,1,6985.47
1451,03-Jan-20,1,7344.88
1452,04-Jan-20,1,7410.66
1453,05-Jan-20,1,7411.32
1454,06-Jan-20,1,7769.22
1455,07-Jan-20,1,8163.69
1456,08-Jan-20,1,8079.86
1457,09-Jan-20,1,7879.07
1458,10-Jan-20,1,8166.55
1459,11-Jan-20,1,8037.54
1460,12-Jan-20,1,8192.49
1461,13-Jan-20,1,8144.19
1462,14-Jan-20,1,8827.76
1463,15-Jan-20,1,8807.01
1464,16-Jan-20,1,8723.79
1465,17-Jan-20,1,8929.04
1466,18-Jan-20,1,8942.81
1467,19-Jan-20,1,8706.25
1468,20-Jan-20,1,8657.64
1469,21-Jan-20,1,8745.89
1470,22-Jan-20,1,8680.88
1471,24-Jan-20,1,8445.43
1472,25-Jan-20,1,8367.85
1473,26-Jan-20,1,8596.83
1474,27-Jan-20,1,8909.82
1475,28-Jan-20,1,9358.59
1476,29-Jan-20,1,9316.63
1477,30-Jan-20,1,9508.99
1478,31-Jan-20,1,9350.53
1479,01-Feb-20,2,9392.88
1480,02-Feb-20,2,9344.37
1481,03-Feb-20,2,9293.52
1482,04-Feb-20,2,9180.96
1483,05-Feb-20,2,9613.42
1484,06-Feb-20,2,9729.8
1485,07-Feb-20,2,9795.94
1486,08-Feb-20,2,9865.12
1487,09-Feb-20,2,10116.67
1488,10-Feb-20,2,9856.61
1489,11-Feb-20,2,10208.24
1490,12-Feb-20,2,10326.05
1491,13-Feb-20,2,10214.38
1492,14-Feb-20,2,10312.12
1493,15-Feb-20,2,9889.42
1494,16-Feb-20,2,9934.43
1495,17-Feb-20,2,9690.14
1496,18-Feb-20,2,10142
1497,19-Feb-20,2,9633.39
1498,20-Feb-20,2,9608.48
1499,21-Feb-20,2,9686.44
1500,22-Feb-20,2,9663.18
1501,23-Feb-20,2,9924.52
1502,24-Feb-20,2,9650.17
1503,25-Feb-20,2,9341.71
1504,26-Feb-20,2,8820.52
1505,27-Feb-20,2,8784.49
1506,28-Feb-20,2,8672.46
1507,29-Feb-20,2,8599.51
1508,01-Mar-20,3,8562.45
1509,02-Mar-20,3,8869.67
1510,03-Mar-20,3,8787.79
1511,04-Mar-20,3,8755.25
1512,05-Mar-20,3,9078.76
1513,06-Mar-20,3,9122.55
1514,07-Mar-20,3,8909.95
1515,08-Mar-20,3,8108.12
1516,09-Mar-20,3,7923.64
1517,10-Mar-20,3,7909.73
1518,11-Mar-20,3,7911.43
1519,12-Mar-20,3,4970.79
1520,13-Mar-20,3,5563.71
1521,14-Mar-20,3,5200.37
1522,15-Mar-20,3,5392.31
1523,16-Mar-20,3,5014.48
1524,17-Mar-20,3,5225.63
1525,18-Mar-20,3,5238.44
1526,19-Mar-20,3,6191.19
1527,20-Mar-20,3,6198.78
1528,21-Mar-20,3,6185.07
1529,22-Mar-20,3,5830.25
1530,23-Mar-20,3,6416.31
1531,24-Mar-20,3,6734.8
1532,25-Mar-20,3,6681.06
1533,26-Mar-20,3,6716.44
1534,27-Mar-20,3,6469.8
1535,28-Mar-20,3,6242.19
1536,29-Mar-20,3,5922.04
1537,30-Mar-20,3,6429.84
1538,31-Mar-20,3,6438.64
1539,01-Apr-20,4,6606.78
1540,02-Apr-20,4,6793.62
1541,03-Apr-20,4,6733.39
1542,04-Apr-20,4,6867.53
1543,05-Apr-20,4,6791.13
1544,06-Apr-20,4,7271.78
1545,07-Apr-20,4,7176.41
1546,08-Apr-20,4,7334.1
1547,09-Apr-20,4,7302.09
1548,10-Apr-20,4,6865.49
1549,11-Apr-20,4,6859.08
1550,12-Apr-20,4,6971.09
1551,13-Apr-20,4,6845.04
1552,14-Apr-20,4,6842.43
1553,15-Apr-20,4,6642.11
1554,16-Apr-20,4,7116.8
1555,17-Apr-20,4,7096.18
1556,18-Apr-20,4,7257.66
1557,19-Apr-20,4,7189.42
1558,20-Apr-20,4,6881.96
1559,21-Apr-20,4,6880.32
1560,22-Apr-20,4,7117.21
1561,23-Apr-20,4,7429.72
1562,24-Apr-20,4,7550.9
1563,25-Apr-20,4,7569.94
1564,26-Apr-20,4,7679.87
1565,27-Apr-20,4,7795.6
1566,28-Apr-20,4,7807.06
1567,29-Apr-20,4,8801.04
1568,30-Apr-20,4,8658.55
1569,01-May-20,5,8864.77
1570,02-May-20,5,8988.6
1571,03-May-20,5,8897.47
1572,04-May-20,5,8912.65
1573,05-May-20,5,9003.07
1574,06-May-20,5,9268.76
1575,07-May-20,5,9951.52
1576,08-May-20,5,9842.67
1577,09-May-20,5,9593.9
1578,10-May-20,5,8756.43
1579,11-May-20,5,8601.8
1580,12-May-20,5,8804.48
1581,13-May-20,5,9269.99
1582,14-May-20,5,9733.72
1583,15-May-20,5,9328.2
1584,16-May-20,5,9377.01
1585,17-May-20,5,9670.74
1586,18-May-20,5,9726.57
1587,19-May-20,5,9729.04
1588,20-May-20,5,9522.98
1589,21-May-20,5,9081.76
1590,22-May-20,5,9182.58
1591,23-May-20,5,9209.29
1592,24-May-20,5,8790.37
1593,25-May-20,5,8906.93
1594,26-May-20,5,8835.05
1595,27-May-20,5,9181.02
1596,28-May-20,5,9525.75
1597,29-May-20,5,9439.12
1598,30-May-20,5,9700.41
1599,31-May-20,5,9461.06
1600,01-Jun-20,6,10167.27
1601,02-Jun-20,6,9529.8
1602,03-Jun-20,6,9656.72
1603,04-Jun-20,6,9800.64
1604,05-Jun-20,6,9665.53
1605,06-Jun-20,6,9653.68
1606,07-Jun-20,6,9758.85
1607,08-Jun-20,6,9771.49
1608,10-Jun-20,6,9870.09
1609,11-Jun-20,6,9321.78
1610,12-Jun-20,6,9480.84
1611,13-Jun-20,6,9475.28
1612,14-Jun-20,6,9386.79
1613,15-Jun-20,6,9450.7
1614,16-Jun-20,6,9538.02
1615,17-Jun-20,6,9480.26
1616,18-Jun-20,6,9411.84
1617,19-Jun-20,6,9288.02
1618,20-Jun-20,6,9332.34
1619,21-Jun-20,6,9303.63
1620,22-Jun-20,6,9648.72
1621,23-Jun-20,6,9629.66
1622,24-Jun-20,6,9313.61
1623,25-Jun-20,6,9264.81
1624,26-Jun-20,6,9162.92
1625,27-Jun-20,6,9045.39
1626,28-Jun-20,6,9143.58
1627,29-Jun-20,6,9190.85
1628,30-Jun-20,6,9137.99
1629,01-Jul-20,7,9228.33
1630,02-Jul-20,7,9123.41
1631,03-Jul-20,7,9087.3
1632,04-Jul-20,7,9132.49
1633,05-Jul-20,7,9073.94
1634,06-Jul-20,7,9375.47
1635,07-Jul-20,7,9252.28
1636,08-Jul-20,7,9428.33
1637,09-Jul-20,7,9277.97
1638,10-Jul-20,7,9278.81
1639,11-Jul-20,7,9240.35
1640,12-Jul-20,7,9276.5
1641,13-Jul-20,7,9243.61
1642,14-Jul-20,7,9243.21
1643,15-Jul-20,7,9192.84
1644,16-Jul-20,7,9132.23
1645,18-Jul-20,7,9159.04
1646,19-Jul-20,7,9185.82
1647,20-Jul-20,7,9164.23
1648,21-Jul-20,7,9374.89
1649,22-Jul-20,7,9525.36
1650,23-Jul-20,7,9581.07
1651,24-Jul-20,7,9536.89
1652,25-Jul-20,7,9677.11
1653,26-Jul-20,7,9905.17
1654,27-Jul-20,7,10990.87
1655,28-Jul-20,7,10912.82
1656,29-Jul-20,7,11100.47
1657,30-Jul-20,7,11111.21
1658,31-Jul-20,7,11323.47
1659,01-Aug-20,8,11759.59
1660,02-Aug-20,8,11053.61
1661,03-Aug-20,8,11246.35
1662,04-Aug-20,8,11205.89
1663,05-Aug-20,8,11747.02
1664,06-Aug-20,8,11779.77
1665,07-Aug-20,8,11601.47
1666,08-Aug-20,8,11754.05
1667,09-Aug-20,8,11675.74
1668,10-Aug-20,8,11878.11
1669,11-Aug-20,8,11410.53
1670,12-Aug-20,8,11584.93
1671,13-Aug-20,8,11784.14
1672,14-Aug-20,8,11768.87
1673,15-Aug-20,8,11865.7
1674,16-Aug-20,8,11892.8
1675,17-Aug-20,8,12254.4
1676,18-Aug-20,8,11991.23
1677,19-Aug-20,8,11758.28
1678,20-Aug-20,8,11878.37
1679,21-Aug-20,8,11592.49
1680,22-Aug-20,8,11681.83
1681,23-Aug-20,8,11664.85
1682,24-Aug-20,8,11774.6
1683,25-Aug-20,8,11366.14
1684,26-Aug-20,8,11488.36
1685,27-Aug-20,8,11323.4
1686,28-Aug-20,8,11542.5
1687,29-Aug-20,8,11506.87
1688,30-Aug-20,8,11711.51
1689,31-Aug-20,8,11680.82
1690,01-Sep-20,9,11970.48
1691,02-Sep-20,9,11414.03
1692,03-Sep-20,9,10245.3
1693,04-Sep-20,9,10511.81
1694,05-Sep-20,9,10169.57
1695,06-Sep-20,9,10280.35
1696,07-Sep-20,9,10369.56
1697,08-Sep-20,9,10131.52
1698,09-Sep-20,9,10242.35
1699,11-Sep-20,9,10400.91
1700,12-Sep-20,9,10442.17
1701,13-Sep-20,9,10323.76
1702,14-Sep-20,9,10680.84
1703,15-Sep-20,9,10796.95
1704,16-Sep-20,9,10974.9
1705,17-Sep-20,9,10948.99
1706,18-Sep-20,9,10944.59
1707,19-Sep-20,9,11094.35
1708,20-Sep-20,9,10938.27
1709,21-Sep-20,9,10462.26
1710,22-Sep-20,9,10538.46
1711,24-Sep-20,9,10745.55
1712,25-Sep-20,9,10702.29
1713,27-Sep-20,9,10774.43
1714,28-Sep-20,9,10721.33
1715,29-Sep-20,9,10848.83
1716,30-Sep-20,9,10787.62
1717,01-Oct-20,10,10623.33
1718,03-Oct-20,10,10565.49
1719,05-Oct-20,10,10804
1720,07-Oct-20,10,10679.14
1721,08-Oct-20,10,10923.63
1722,10-Oct-20,10,11296.36
1723,11-Oct-20,10,11384.18
1724,12-Oct-20,10,11555.36
1725,13-Oct-20,10,11425.9
1726,14-Oct-20,10,11429.51
1727,15-Oct-20,10,11495.35
1728,16-Oct-20,10,11322.12
1729,17-Oct-20,10,11358.1
1730,18-Oct-20,10,11483.36
1731,19-Oct-20,10,11742.04
1732,20-Oct-20,10,11916.34
1733,21-Oct-20,10,12823.69
1734,22-Oct-20,10,12965.89
1735,23-Oct-20,10,12931.54
1736,24-Oct-20,10,13108.06
1737,25-Oct-20,10,13031.17
1738,26-Oct-20,10,13075.25
1739,27-Oct-20,10,13654.22
1740,28-Oct-20,10,13271.29
1741,29-Oct-20,10,13437.88
1742,30-Oct-20,10,13546.52
1743,31-Oct-20,10,13780.99
1744,01-Nov-20,11,13737.11
1745,02-Nov-20,11,13550.49